Date,Category,Net worth,% networth per category,Year,Quarter,Total wealth,% networth per individual,relative to bottom50
1989:Q3,TopPt1,1762391,0.086291127,1989,Q3,20423.78,0.086291127,1132.864818
1989:Q3,RemainingTop1,2838759,0.138992831,1989,Q3,20423.78,0.015443648,202.7504552
1989:Q3,Next9,7635884,0.373872221,1989,Q3,20423.78,0.004154136,54.53717476
1989:Q3,Next40,7408899,0.362758461,1989,Q3,20423.78,0.000906896,11.90609946
1989:Q3,Bottom50,777847,0.038085359,1989,Q3,20423.78,7.62E-05,1
1989:Q4,TopPt1,1812715,0.087130423,1989,Q4,20804.616,0.087130423,1172.296471
1989:Q4,RemainingTop1,2905496,0.139656315,1989,Q4,20804.616,0.015517368,208.7784657
1989:Q4,Next9,7770202,0.373484519,1989,Q4,20804.616,0.004149828,55.83386974
1989:Q4,Next40,7543056,0.362566461,1989,Q4,20804.616,0.000906416,12.19537811
1989:Q4,Bottom50,773147,0.037162282,1989,Q4,20804.616,7.43E-05,1
1990:Q1,TopPt1,1805996,0.086383752,1990,Q1,20906.663,0.086383752,1125.57198
1990:Q1,RemainingTop1,2897829,0.138607917,1990,Q1,20906.663,0.01540088,200.6719792
1990:Q1,Next9,7768099,0.371560923,1990,Q1,20906.663,0.004128455,53.79336741
1990:Q1,Next40,7632482,0.365074139,1990,Q1,20906.663,0.000912685,11.89220225
1990:Q1,Bottom50,802257,0.038373269,1990,Q1,20906.663,7.67E-05,1
1990:Q2,TopPt1,1850643,0.087437826,1990,Q2,21165.245,0.087437826,1163.069109
1990:Q2,RemainingTop1,2940394,0.138925583,1990,Q2,21165.245,0.015436176,205.3269191
1990:Q2,Next9,7852815,0.371024054,1990,Q2,21165.245,0.004122489,54.8359951
1990:Q2,Next40,7725807,0.365023273,1990,Q2,21165.245,0.000912558,12.13854788
1990:Q2,Bottom50,795586,0.037589265,1990,Q2,21165.245,7.52E-05,1
1990:Q3,TopPt1,1802020,0.085735813,1990,Q3,21018.288,0.085735813,1104.042269
1990:Q3,RemainingTop1,2864036,0.136264,1990,Q3,21018.288,0.015140444,194.9674257
1990:Q3,Next9,7767485,0.369558406,1990,Q3,21018.288,0.004106205,52.87665919
1990:Q3,Next40,7768646,0.369613643,1990,Q3,21018.288,0.000924034,11.89902659
1990:Q3,Bottom50,816101,0.038828139,1990,Q3,21018.288,7.77E-05,1
1990:Q4,TopPt1,1885733,0.087777378,1990,Q4,21483.132,0.087777378,1137.868758
1990:Q4,RemainingTop1,2962840,0.137914714,1990,Q4,21483.132,0.015323857,198.645011
1990:Q4,Next9,7914597,0.36840983,1990,Q4,21483.132,0.004093443,53.06379042
1990:Q4,Next40,7891337,0.36732712,1990,Q4,21483.132,0.000918318,11.90426459
1990:Q4,Bottom50,828625,0.038570959,1990,Q4,21483.132,7.71E-05,1
1991:Q1,TopPt1,1961742,0.089141108,1991,Q1,22007.153,0.089141108,1156.372498
1991:Q1,RemainingTop1,3087113,0.140277709,1991,Q1,22007.153,0.015586412,202.1928906
1991:Q1,Next9,8073708,0.366867445,1991,Q1,22007.153,0.004076305,52.87938466
1991:Q1,Next40,8036359,0.365170315,1991,Q1,22007.153,0.000912926,11.842822
1991:Q1,Bottom50,848231,0.038543423,1991,Q1,22007.153,7.71E-05,1
1991:Q2,TopPt1,1960532,0.088884528,1991,Q2,22057.067,0.088884528,1147.347304
1991:Q2,RemainingTop1,3078825,0.139584515,1991,Q2,22057.067,0.015509391,200.1997169
1991:Q2,Next9,8063140,0.365558122,1991,Q2,22057.067,0.004061757,52.43033772
1991:Q2,Next40,8100194,0.367238038,1991,Q2,22057.067,0.000918095,11.85103807
1991:Q2,Bottom50,854376,0.038734796,1991,Q2,22057.067,7.75E-05,1
1991:Q3,TopPt1,1981999,0.088643441,1991,Q3,22359.229,0.088643441,1099.973916
1991:Q3,RemainingTop1,3133210,0.140130503,1991,Q3,22359.229,0.015570056,193.208376
1991:Q3,Next9,8117919,0.36306793,1991,Q3,22359.229,0.004034088,50.0588836
1991:Q3,Next40,8225171,0.367864697,1991,Q3,22359.229,0.000919662,11.41205615
1991:Q3,Bottom50,900930,0.040293429,1991,Q3,22359.229,8.06E-05,1
1991:Q4,TopPt1,2079265,0.09055193,1991,Q4,22962.128,0.09055193,1133.128027
1991:Q4,RemainingTop1,3286812,0.143140566,1991,Q4,22962.128,0.015904507,199.0221863
1991:Q4,Next9,8295429,0.361265689,1991,Q4,22962.128,0.004014063,50.23026616
1991:Q4,Next40,8383133,0.365085196,1991,Q4,22962.128,0.000912713,11.42129906
1991:Q4,Bottom50,917489,0.039956619,1991,Q4,22962.128,7.99E-05,1
1992:Q1,TopPt1,2076700,0.090195133,1992,Q1,23024.524,0.090195133,1100.954687
1992:Q1,RemainingTop1,3266408,0.141866472,1992,Q1,23024.524,0.015762941,192.4082117
1992:Q1,Next9,8264544,0.358945271,1992,Q1,23024.524,0.003988281,48.68240989
1992:Q1,Next40,8473736,0.368030887,1992,Q1,23024.524,0.000920077,11.2307981
1992:Q1,Bottom50,943136,0.040962237,1992,Q1,23024.524,8.19E-05,1
1992:Q2,TopPt1,2066474,0.089376327,1992,Q2,23121.044,0.089376327,1070.177383
1992:Q2,RemainingTop1,3246316,0.140405252,1992,Q2,23121.044,0.015600584,186.7988102
1992:Q2,Next9,8278150,0.358035303,1992,Q2,23121.044,0.00397817,47.63395094
1992:Q2,Next40,8564622,0.370425401,1992,Q2,23121.044,0.000926064,11.08853143
1992:Q2,Bottom50,965482,0.041757716,1992,Q2,23121.044,8.35E-05,1
1992:Q3,TopPt1,2092326,0.089149332,1992,Q3,23469.901,0.089149332,1040.722105
1992:Q3,RemainingTop1,3276884,0.1396207,1992,Q3,23469.901,0.015513411,181.1023082
1992:Q3,Next9,8380360,0.3570684,1992,Q3,23469.901,0.003967427,46.31541855
1992:Q3,Next40,8715103,0.371331051,1992,Q3,23469.901,0.000928328,10.83722175
1992:Q3,Bottom50,1005228,0.042830517,1992,Q3,23469.901,8.57E-05,1
1992:Q4,TopPt1,2196886,0.091219874,1992,Q4,24083.414,0.091219874,1077.365423
1992:Q4,RemainingTop1,3436858,0.142706429,1992,Q4,24083.414,0.01585627,187.2727514
1992:Q4,Next9,8558019,0.35534908,1992,Q4,24083.414,0.003948323,46.63223692
1992:Q4,Next40,8872087,0.368389922,1992,Q4,24083.414,0.000920975,10.87730515
1992:Q4,Bottom50,1019564,0.042334696,1992,Q4,24083.414,8.47E-05,1
1993:Q1,TopPt1,2301128,0.094223469,1993,Q1,24422.026,0.094223469,1144.757788
1993:Q1,RemainingTop1,3526247,0.14438798,1993,Q1,24422.026,0.016043109,194.9140073
1993:Q1,Next9,8643255,0.353912284,1993,Q1,24422.026,0.003932359,47.77576466
1993:Q1,Next40,8946324,0.366321942,1993,Q1,24422.026,0.000915805,11.12647154
1993:Q1,Bottom50,1005072,0.041154325,1993,Q1,24422.026,8.23E-05,1
1993:Q2,TopPt1,2343767,0.094924321,1993,Q2,24690.901,0.094924321,1143.279783
1993:Q2,RemainingTop1,3591827,0.145471686,1993,Q2,24690.901,0.016163521,194.6753616
1993:Q2,Next9,8684389,0.351724265,1993,Q2,24690.901,0.003908047,47.06898658
1993:Q2,Next40,9045899,0.366365691,1993,Q2,24690.901,0.000915914,11.03137966
1993:Q2,Bottom50,1025019,0.041514038,1993,Q2,24690.901,8.30E-05,1
1993:Q3,TopPt1,2415404,0.096265661,1993,Q3,25091.024,0.096265661,1158.079453
1993:Q3,RemainingTop1,3696137,0.147309133,1993,Q3,25091.024,0.016367681,196.903813
1993:Q3,Next9,8774874,0.349721638,1993,Q3,25091.024,0.003885796,46.74626911
1993:Q3,Next40,9161760,0.365140936,1993,Q3,25091.024,0.000912852,10.98164739
1993:Q3,Bottom50,1042849,0.041562632,1993,Q3,25091.024,8.31E-05,1
1993:Q4,TopPt1,2524353,0.098839402,1993,Q4,25539.946,0.098839402,1209.822635
1993:Q4,RemainingTop1,3820338,0.149582853,1993,Q4,25539.946,0.016620317,203.4374479
1993:Q4,Next9,8881156,0.347735896,1993,Q4,25539.946,0.003863732,47.29319005
1993:Q4,Next40,9270825,0.362993132,1993,Q4,25539.946,0.000907483,11.10785014
1993:Q4,Bottom50,1043274,0.040848716,1993,Q4,25539.946,8.17E-05,1
1994:Q1,TopPt1,2600408,0.101168291,1994,Q1,25703.785,0.101168291,1260.484862
1994:Q1,RemainingTop1,3829807,0.148997784,1994,Q1,25703.785,0.016555309,206.2673646
1994:Q1,Next9,8909929,0.346638793,1994,Q1,25703.785,0.003851542,47.98747232
1994:Q1,Next40,9332130,0.363064428,1994,Q1,25703.785,0.000907661,11.30881057
1994:Q1,Bottom50,1031511,0.040130704,1994,Q1,25703.785,8.03E-05,1
1994:Q2,TopPt1,2667777,0.103080072,1994,Q2,25880.628,0.103080072,1294.626366
1994:Q2,RemainingTop1,3853306,0.148887655,1994,Q2,25880.628,0.016543073,207.7714702
1994:Q2,Next9,8924371,0.344828224,1994,Q2,25880.628,0.003831425,48.12048882
1994:Q2,Next40,9404847,0.363393307,1994,Q2,25880.628,0.000908483,11.41002687
1994:Q2,Bottom50,1030327,0.039810742,1994,Q2,25880.628,7.96E-05,1
1994:Q3,TopPt1,2742462,0.104552925,1994,Q3,26230.371,0.104552925,1308.593847
1994:Q3,RemainingTop1,3929737,0.149816295,1994,Q3,26230.371,0.016646255,208.3460311
1994:Q3,Next9,8993041,0.34284841,1994,Q3,26230.371,0.003809427,47.67912967
1994:Q3,Next40,9517265,0.362833793,1994,Q3,26230.371,0.000907084,11.35315131
1994:Q3,Bottom50,1047866,0.039948577,1994,Q3,26230.371,7.99E-05,1
1994:Q4,TopPt1,2843868,0.107564157,1994,Q4,26438.807,0.107564157,1375.6223
1994:Q4,RemainingTop1,3981894,0.15060793,1994,Q4,26438.807,0.016734214,214.0114247
1994:Q4,Next9,9012786,0.34089231,1994,Q4,26438.807,0.003787692,48.44024408
1994:Q4,Next40,9566593,0.361839057,1994,Q4,26438.807,0.000904598,11.56876714
1994:Q4,Bottom50,1033666,0.039096545,1994,Q4,26438.807,7.82E-05,1
1995:Q1,TopPt1,2949429,0.109362825,1995,Q1,26969.21,0.109362825,1393.8898
1995:Q1,RemainingTop1,4111272,0.152443175,1995,Q1,26969.21,0.016938131,215.8858585
1995:Q1,Next9,9146816,0.339157728,1995,Q1,26969.21,0.003768419,48.03059065
1995:Q1,Next40,9703708,0.359806906,1995,Q1,26969.21,0.000899517,11.46484591
1995:Q1,Bottom50,1057985,0.039229366,1995,Q1,26969.21,7.85E-05,1
1995:Q2,TopPt1,3047136,0.110771819,1995,Q2,27508.224,0.110771819,1407.432315
1995:Q2,RemainingTop1,4260698,0.154888153,1995,Q2,27508.224,0.017209795,218.6623056
1995:Q2,Next9,9263478,0.336753038,1995,Q2,27508.224,0.0037417,47.54088315
1995:Q2,Next40,9854396,0.358234541,1995,Q2,27508.224,0.000895586,11.37904197
1995:Q2,Bottom50,1082516,0.03935245,1995,Q2,27508.224,7.87E-05,1
1995:Q3,TopPt1,3185977,0.114170217,1995,Q3,27905.5,0.114170217,1487.466163
1995:Q3,RemainingTop1,4409290,0.15800792,1995,Q3,27905.5,0.017556436,228.733941
1995:Q3,Next9,9326557,0.334219312,1995,Q3,27905.5,0.003713548,48.38194219
1995:Q3,Next40,9912735,0.355225135,1995,Q3,27905.5,0.000888063,11.57012268
1995:Q3,Bottom50,1070941,0.038377417,1995,Q3,27905.5,7.68E-05,1
1995:Q4,TopPt1,3284948,0.114898657,1995,Q4,28589.96,0.114898657,1533.834067
1995:Q4,RemainingTop1,4542728,0.158892422,1995,Q4,28589.96,0.017654714,235.6807462
1995:Q4,Next9,9595114,0.335611313,1995,Q4,28589.96,0.003729015,49.78030002
1995:Q4,Next40,10096341,0.353142887,1995,Q4,28589.96,0.000882857,11.78565976
1995:Q4,Bottom50,1070829,0.037454722,1995,Q4,28589.96,7.49E-05,1
1996:Q1,TopPt1,3331873,0.114281703,1996,Q1,29154.912,0.114281703,1528.73414
1996:Q1,RemainingTop1,4634401,0.158957811,1996,Q1,29154.912,0.017661979,236.2624074
1996:Q1,Next9,9815889,0.336680454,1996,Q1,29154.912,0.003740894,50.04153862
1996:Q1,Next40,10283000,0.352702145,1996,Q1,29154.912,0.000881755,11.79514732
1996:Q1,Bottom50,1089749,0.037377887,1996,Q1,29154.912,7.48E-05,1
1996:Q2,TopPt1,3362525,0.113769229,1996,Q2,29555.663,0.113769229,1524.016048
1996:Q2,RemainingTop1,4680712,0.158369379,1996,Q2,29555.663,0.017596598,235.7183699
1996:Q2,Next9,9973003,0.337431206,1996,Q2,29555.663,0.003749236,50.22355594
1996:Q2,Next40,10436244,0.353104716,1996,Q2,29555.663,0.000882762,11.82519337
1996:Q2,Bottom50,1103179,0.03732547,1996,Q2,29555.663,7.47E-05,1
1996:Q3,TopPt1,3352720,0.112374441,1996,Q3,29835.254,0.112374441,1503.170686
1996:Q3,RemainingTop1,4685565,0.157047934,1996,Q3,29835.254,0.01744977,233.4159182
1996:Q3,Next9,10102049,0.338594369,1996,Q3,29835.254,0.00376216,50.32432681
1996:Q3,Next40,10579704,0.35460412,1996,Q3,29835.254,0.00088651,11.85835748
1996:Q3,Bottom50,1115216,0.037379135,1996,Q3,29835.254,7.48E-05,1
1996:Q4,TopPt1,3468153,0.113615064,1996,Q4,30525.468,0.113615064,1565.415503
1996:Q4,RemainingTop1,4795223,0.157089254,1996,Q4,30525.468,0.017454362,240.4903649
1996:Q4,Next9,10373701,0.339837574,1996,Q4,30525.468,0.003775973,52.02625902
1996:Q4,Next40,10780649,0.353169,1996,Q4,30525.468,0.000882922,12.16511719
1996:Q4,Bottom50,1107742,0.036289108,1996,Q4,30525.468,7.26E-05,1
1997:Q1,TopPt1,3449935,0.112110145,1997,Q1,30772.728,0.112110145,1523.499876
1997:Q1,RemainingTop1,4798296,0.155926897,1997,Q1,30772.728,0.017325211,235.4377164
1997:Q1,Next9,10503361,0.341320438,1997,Q1,30772.728,0.003792449,51.53678156
1997:Q1,Next40,10888896,0.353848902,1997,Q1,30772.728,0.000884622,12.02140889
1997:Q1,Bottom50,1132240,0.036793618,1997,Q1,30772.728,7.36E-05,1
1997:Q2,TopPt1,3630906,0.113278174,1997,Q2,32053.006,0.113278174,1553.154684
1997:Q2,RemainingTop1,5068813,0.15813846,1997,Q2,32053.006,0.01757094,240.9147913
1997:Q2,Next9,10966800,0.342145757,1997,Q2,32053.006,0.00380162,52.12392593
1997:Q2,Next40,11217606,0.349970483,1997,Q2,32053.006,0.000874926,11.99609498
1997:Q2,Bottom50,1168881,0.036467126,1997,Q2,32053.006,7.29E-05,1
1997:Q3,TopPt1,3755780,0.113797377,1997,Q3,33004.1,0.113797377,1574.363699
1997:Q3,RemainingTop1,5252016,0.159132229,1997,Q3,33004.1,0.017681359,244.618024
1997:Q3,Next9,11312910,0.342772868,1997,Q3,33004.1,0.003808587,52.69103692
1997:Q3,Next40,11490601,0.348156774,1997,Q3,33004.1,0.000870392,12.04169646
1997:Q3,Bottom50,1192793,0.036140752,1997,Q3,33004.1,7.23E-05,1
1997:Q4,TopPt1,3856692,0.114949858,1997,Q4,33551.081,0.114949858,1628.099948
1997:Q4,RemainingTop1,5333100,0.15895464,1997,Q4,33551.081,0.017661627,250.151622
1997:Q4,Next9,11546339,0.344142086,1997,Q4,33551.081,0.003823801,54.15865873
1997:Q4,Next40,11630535,0.346651573,1997,Q4,33551.081,0.000866629,12.27455643
1997:Q4,Bottom50,1184415,0.035301843,1997,Q4,33551.081,7.06E-05,1
1998:Q1,TopPt1,4093205,0.11640736,1998,Q1,35162.768,0.11640736,1635.349671
1998:Q1,RemainingTop1,5673369,0.161345916,1998,Q1,35162.768,0.017927324,251.8521448
1998:Q1,Next9,12101654,0.344161017,1998,Q1,35162.768,0.003824011,53.72165139
1998:Q1,Next40,12043063,0.342494738,1998,Q1,35162.768,0.000856237,12.02884971
1998:Q1,Bottom50,1251477,0.035590969,1998,Q1,35162.768,7.12E-05,1
1998:Q2,TopPt1,4174449,0.116556981,1998,Q2,35814.663,0.116556981,1664.899447
1998:Q2,RemainingTop1,5771323,0.161144138,1998,Q2,35814.663,0.017904904,255.7535796
1998:Q2,Next9,12354529,0.344957287,1998,Q2,35814.663,0.003832859,54.74853886
1998:Q2,Next40,12260698,0.342337383,1998,Q2,35814.663,0.000855843,12.22486448
1998:Q2,Bottom50,1253664,0.03500421,1998,Q2,35814.663,7.00E-05,1
1998:Q3,TopPt1,3977967,0.113038589,1998,Q3,35191.23,0.113038589,1552.791848
1998:Q3,RemainingTop1,5526097,0.157030516,1998,Q3,35191.23,0.017447835,239.6779385
1998:Q3,Next9,12148002,0.345199699,1998,Q3,35191.23,0.003835552,52.68832734
1998:Q3,Next40,12258256,0.348332695,1998,Q3,35191.23,0.000870832,11.96246725
1998:Q3,Bottom50,1280908,0.0363985,1998,Q3,35191.23,7.28E-05,1
1998:Q4,TopPt1,4255330,0.114342079,1998,Q4,37215.783,0.114342079,1672.420447
1998:Q4,RemainingTop1,6017396,0.161689356,1998,Q4,37215.783,0.017965484,262.7715284
1998:Q4,Next9,12923009,0.347245388,1998,Q4,37215.783,0.003858282,56.43302894
1998:Q4,Next40,12747841,0.342538568,1998,Q4,37215.783,0.000856346,12.52532115
1998:Q4,Bottom50,1272207,0.034184609,1998,Q4,37215.783,6.84E-05,1
1999:Q1,TopPt1,4182156,0.111463084,1999,Q1,37520.548,0.111463084,1623.978062
1999:Q1,RemainingTop1,6063593,0.161607261,1999,Q1,37520.548,0.017956362,261.6179047
1999:Q1,Next9,13037689,0.347481305,1999,Q1,37520.548,0.003860903,56.25200897
1999:Q1,Next40,12949483,0.345130434,1999,Q1,37520.548,0.000862826,12.57107357
1999:Q1,Bottom50,1287627,0.034317916,1999,Q1,37520.548,6.86E-05,1
1999:Q2,TopPt1,4291817,0.111300461,1999,Q2,38560.64,0.111300461,1682.590406
1999:Q2,RemainingTop1,6310848,0.163660354,1999,Q2,38560.64,0.018184484,274.9048635
1999:Q2,Next9,13449024,0.348775954,1999,Q2,38560.64,0.003875288,58.58487015
1999:Q2,Next40,13233591,0.343189091,1999,Q2,38560.64,0.000857973,12.97044658
1999:Q2,Bottom50,1275360,0.03307414,1999,Q2,38560.64,6.61E-05,1
1999:Q3,TopPt1,4198612,0.109141609,1999,Q3,38469.398,0.109141609,1652.182468
1999:Q3,RemainingTop1,6246238,0.162369008,1999,Q3,38469.398,0.018041001,273.104141
1999:Q3,Next9,13437825,0.349312069,1999,Q3,38469.398,0.003881245,58.75417576
1999:Q3,Next40,13316097,0.346147787,1999,Q3,38469.398,0.000865369,13.09993755
1999:Q3,Bottom50,1270626,0.033029526,1999,Q3,38469.398,6.61E-05,1
1999:Q4,TopPt1,4571916,0.11152351,1999,Q4,40995.087,0.11152351,1750.398939
1999:Q4,RemainingTop1,6871877,0.167626843,1999,Q4,40995.087,0.018625205,292.3288425
1999:Q4,Next9,14365237,0.350413624,1999,Q4,40995.087,0.003893485,61.1095499
1999:Q4,Next40,13880093,0.338579425,1999,Q4,40995.087,0.000846449,13.28529443
1999:Q4,Bottom50,1305964,0.031856598,1999,Q4,40995.087,6.37E-05,1
2000:Q1,TopPt1,4611251,0.109482361,2000,Q1,42118.666,0.109482361,1679.380975
2000:Q1,RemainingTop1,7120456,0.169057016,2000,Q1,42118.666,0.018784113,288.1348333
2000:Q1,Next9,14743027,0.350035469,2000,Q1,42118.666,0.003889283,59.65881436
2000:Q1,Next40,14271030,0.338829107,2000,Q1,42118.666,0.000847073,12.99348934
2000:Q1,Bottom50,1372902,0.032596047,2000,Q1,42118.666,6.52E-05,1
2000:Q2,TopPt1,4463145,0.10629751,2000,Q2,41987.296,0.10629751,1624.872668
2000:Q2,RemainingTop1,7004240,0.166818078,2000,Q2,41987.296,0.018535342,283.3327953
2000:Q2,Next9,14728491,0.350784461,2000,Q2,41987.296,0.003897605,59.57911959
2000:Q2,Next40,14418037,0.343390463,2000,Q2,41987.296,0.000858476,13.1227387
2000:Q2,Bottom50,1373383,0.032709489,2000,Q2,41987.296,6.54E-05,1
2000:Q3,TopPt1,4479175,0.105182451,2000,Q3,42584.813,0.105182451,1608.505029
2000:Q3,RemainingTop1,7096212,0.166637153,2000,Q3,42584.813,0.018515239,283.1447181
2000:Q3,Next9,14951614,0.351102023,2000,Q3,42584.813,0.003901134,59.65817441
2000:Q3,Next40,14665471,0.344382656,2000,Q3,42584.813,0.000860957,13.16619905
2000:Q3,Bottom50,1392341,0.032695717,2000,Q3,42584.813,6.54E-05,1
2000:Q4,TopPt1,4325868,0.102773772,2000,Q4,42091.167,0.102773772,1596.535788
2000:Q4,RemainingTop1,6870024,0.163217713,2000,Q4,42091.167,0.018135301,281.7222445
2000:Q4,Next9,14821745,0.352134333,2000,Q4,42091.167,0.003912604,60.7802137
2000:Q4,Next40,14718763,0.349687691,2000,Q4,42091.167,0.000874219,13.5805299
2000:Q4,Bottom50,1354767,0.032186492,2000,Q4,42091.167,6.44E-05,1
2001:Q1,TopPt1,4144099,0.098682144,2001,Q1,41994.416,0.098682144,1481.071049
2001:Q1,RemainingTop1,6752872,0.160804046,2001,Q1,41994.416,0.017867116,268.1586306
2001:Q1,Next9,14779740,0.351945363,2001,Q1,41994.416,0.003910504,58.69080355
2001:Q1,Next40,14918684,0.355253994,2001,Q1,41994.416,0.000888135,13.32957475
2001:Q1,Bottom50,1399021,0.033314453,2001,Q1,41994.416,6.66E-05,1
2001:Q2,TopPt1,4253766,0.098470453,2001,Q2,43198.4,0.098470453,1526.669739
2001:Q2,RemainingTop1,7004624,0.16215008,2001,Q2,43198.4,0.018016676,279.3275808
2001:Q2,Next9,15259647,0.353245653,2001,Q2,43198.4,0.003924952,60.85180703
2001:Q2,Next40,15287211,0.353883732,2001,Q2,43198.4,0.000884709,13.71638827
2001:Q2,Bottom50,1393152,0.032250083,2001,Q2,43198.4,6.45E-05,1
2001:Q3,TopPt1,4045976,0.09595795,2001,Q3,42164.052,0.09595795,1475.086351
2001:Q3,RemainingTop1,6687781,0.158613337,2001,Q3,42164.052,0.017623704,270.9153894
2001:Q3,Next9,14865965,0.352574392,2001,Q3,42164.052,0.003917493,60.22055293
2001:Q3,Next40,15192893,0.360328106,2001,Q3,42164.052,0.00090082,13.84760383
2001:Q3,Bottom50,1371437,0.032526215,2001,Q3,42164.052,6.51E-05,1
2001:Q4,TopPt1,4209741,0.0962304,2001,Q4,43746.477,0.0962304,1552.304447
2001:Q4,RemainingTop1,7072698,0.161674688,2001,Q4,43746.477,0.017963854,289.7771452
2001:Q4,Next9,15531175,0.355026875,2001,Q4,43746.477,0.003944743,63.63313622
2001:Q4,Next40,15576898,0.356072056,2001,Q4,43746.477,0.00089018,14.35960552
2001:Q4,Bottom50,1355965,0.030995982,2001,Q4,43746.477,6.20E-05,1
2002:Q1,TopPt1,4235848,0.095420224,2002,Q1,44391.512,0.095420224,1533.685075
2002:Q1,RemainingTop1,7188478,0.161933615,2002,Q1,44391.512,0.017992624,289.1946553
2002:Q1,Next9,15769738,0.355242191,2002,Q1,44391.512,0.003947135,63.44213539
2002:Q1,Next40,15816510,0.356295816,2002,Q1,44391.512,0.00089074,14.31681763
2002:Q1,Bottom50,1380938,0.031108154,2002,Q1,44391.512,6.22E-05,1
2002:Q2,TopPt1,4103893,0.093782173,2002,Q2,43759.841,0.093782173,1533.303518
2002:Q2,RemainingTop1,7030887,0.160669848,2002,Q2,43759.841,0.017852205,291.8768911
2002:Q2,Next9,15556581,0.355499029,2002,Q2,43759.841,0.003949989,64.58084875
2002:Q2,Next40,15730228,0.359467211,2002,Q2,43759.841,0.000898668,14.69288669
2002:Q2,Bottom50,1338252,0.030581738,2002,Q2,43759.841,6.12E-05,1
2002:Q3,TopPt1,3875612,0.090848191,2002,Q3,42660.31,0.090848191,1478.413987
2002:Q3,RemainingTop1,6721261,0.157553028,2002,Q3,42660.31,0.017505892,284.8813518
2002:Q3,Next9,15177955,0.355786327,2002,Q3,42660.31,0.003953181,64.33192132
2002:Q3,Next40,15574749,0.365087572,2002,Q3,42660.31,0.000912719,14.85309079
2002:Q3,Bottom50,1310733,0.030724882,2002,Q3,42660.31,6.14E-05,1
2002:Q4,TopPt1,3929466,0.090227676,2002,Q4,43550.562,0.090227676,1499.198793
2002:Q4,RemainingTop1,6939003,0.159332111,2002,Q4,43550.562,0.017703568,294.1577224
2002:Q4,Next9,15506554,0.356058643,2002,Q4,43550.562,0.003956207,65.73527359
2002:Q4,Next40,15865017,0.364289604,2002,Q4,43550.562,0.000910724,15.13234516
2002:Q4,Bottom50,1310522,0.030091965,2002,Q4,43550.562,6.02E-05,1
2003:Q1,TopPt1,3906997,0.089368736,2003,Q1,43717.716,0.089368736,1518.728931
2003:Q1,RemainingTop1,6932167,0.158566541,2003,Q1,43717.716,0.017618505,299.4082036
2003:Q1,Next9,15628493,0.357486494,2003,Q1,43717.716,0.003972072,67.50124477
2003:Q1,Next40,15963787,0.365156016,2003,Q1,43717.716,0.00091289,15.51361901
2003:Q1,Bottom50,1286272,0.029422214,2003,Q1,43717.716,5.88E-05,1
2003:Q2,TopPt1,4206273,0.092382024,2003,Q2,45531.293,0.092382024,1667.710603
2003:Q2,RemainingTop1,7377608,0.162033791,2003,Q2,45531.293,0.018003755,325.009683
2003:Q2,Next9,16316466,0.358357185,2003,Q2,45531.293,0.003981747,71.87979413
2003:Q2,Next40,16369854,0.359529741,2003,Q2,45531.293,0.000898824,16.2258721
2003:Q2,Bottom50,1261092,0.027697259,2003,Q2,45531.293,5.54E-05,1
2003:Q3,TopPt1,4300015,0.092710291,2003,Q3,46381.205,0.092710291,1690.779856
2003:Q3,RemainingTop1,7582783,0.163488271,2003,Q3,46381.205,0.018165363,331.2860988
2003:Q3,Next9,16629233,0.358533872,2003,Q3,46381.205,0.00398371,72.65187104
2003:Q3,Next40,16597567,0.357851138,2003,Q3,46381.205,0.000894628,16.31554305
2003:Q3,Bottom50,1271607,0.027416429,2003,Q3,46381.205,5.48E-05,1
2003:Q4,TopPt1,4585989,0.095047078,2003,Q4,48249.658,0.095047078,1787.823513
2003:Q4,RemainingTop1,8001771,0.165840989,2003,Q4,48249.658,0.018426777,346.6053363
2003:Q4,Next9,17336203,0.359302091,2003,Q4,48249.658,0.003992245,75.09363203
2003:Q4,Next40,17043133,0.353228058,2003,Q4,48249.658,0.00088307,16.61043774
2003:Q4,Bottom50,1282562,0.026581784,2003,Q4,48249.658,5.32E-05,1
2004:Q1,TopPt1,5066971,0.099958286,2004,Q1,50690.855,0.099958286,1887.170963
2004:Q1,RemainingTop1,8483221,0.167352099,2004,Q1,50690.855,0.018594678,351.059798
2004:Q1,Next9,18178606,0.358617072,2004,Q1,50690.855,0.003984634,75.22823879
2004:Q1,Next40,17619579,0.347588909,2004,Q1,50690.855,0.000868972,16.40583589
2004:Q1,Bottom50,1342478,0.026483633,2004,Q1,50690.855,5.30E-05,1
2004:Q2,TopPt1,5112969,0.099561336,2004,Q2,51354.966,0.099561336,1860.339775
2004:Q2,RemainingTop1,8577338,0.167020615,2004,Q2,51354.966,0.018557846,346.7601059
2004:Q2,Next9,18425938,0.358795642,2004,Q2,51354.966,0.003986618,74.49141227
2004:Q2,Next40,17864518,0.347863496,2004,Q2,51354.966,0.000869659,16.24988994
2004:Q2,Bottom50,1374203,0.026758912,2004,Q2,51354.966,5.35E-05,1
2004:Q3,TopPt1,5321337,0.101278362,2004,Q3,52541.697,0.101278362,1965.584685
2004:Q3,RemainingTop1,8807382,0.167626523,2004,Q3,52541.697,0.018625169,361.4725475
2004:Q3,Next9,18881288,0.359358168,2004,Q3,52541.697,0.003992869,77.49257694
2004:Q3,Next40,18178063,0.345974037,2004,Q3,52541.697,0.000864935,16.78644025
2004:Q3,Bottom50,1353627,0.02576291,2004,Q3,52541.697,5.15E-05,1
2004:Q4,TopPt1,5651384,0.10329989,2004,Q4,54708.519,0.10329989,1977.39395
2004:Q4,RemainingTop1,9167818,0.167575693,2004,Q4,54708.519,0.018619521,356.4198286
2004:Q4,Next9,19742239,0.360862245,2004,Q4,54708.519,0.004009581,76.75245561
2004:Q4,Next40,18718080,0.342141961,2004,Q4,54708.519,0.000855355,16.37343089
2004:Q4,Bottom50,1428998,0.02612021,2004,Q4,54708.519,5.22E-05,1
2005:Q1,TopPt1,5722342,0.102980013,2005,Q1,55567.501,0.102980013,1942.880289
2005:Q1,RemainingTop1,9249221,0.166450188,2005,Q1,55567.501,0.018494465,348.9272432
2005:Q1,Next9,20159925,0.362800641,2005,Q1,55567.501,0.004031118,76.0534001
2005:Q1,Next40,18963369,0.341267263,2005,Q1,55567.501,0.000853168,16.09636222
2005:Q1,Bottom50,1472644,0.026501894,2005,Q1,55567.501,5.30E-05,1
2005:Q2,TopPt1,5965662,0.104691061,2005,Q2,56983.49,0.104691061,2016.77132
2005:Q2,RemainingTop1,9464285,0.166088195,2005,Q2,56983.49,0.018454244,355.5030355
2005:Q2,Next9,20772452,0.36453457,2005,Q2,56983.49,0.004050384,78.02670505
2005:Q2,Next40,19302078,0.338731061,2005,Q2,56983.49,0.000846828,16.31330996
2005:Q2,Bottom50,1479013,0.025955114,2005,Q2,56983.49,5.19E-05,1
2005:Q3,TopPt1,6177016,0.105511587,2005,Q3,58543.485,0.105511587,2021.865021
2005:Q3,RemainingTop1,9728073,0.166168328,2005,Q3,58543.485,0.018463148,353.7999311
2005:Q3,Next9,21420722,0.365894207,2005,Q3,58543.485,0.004065491,77.9049455
2005:Q3,Next40,19690120,0.33633324,2005,Q3,58543.485,0.000840833,16.11245822
2005:Q3,Bottom50,1527554,0.026092639,2005,Q3,58543.485,5.22E-05,1
2005:Q4,TopPt1,6364892,0.106158247,2005,Q4,59956.642,0.106158247,2006.425715
2005:Q4,RemainingTop1,9921515,0.165478163,2005,Q4,59956.642,0.018386463,347.5101791
2005:Q4,Next9,22002537,0.366974138,2005,Q4,59956.642,0.00407749,77.0659075
2005:Q4,Next40,20081571,0.334934885,2005,Q4,59956.642,0.000837337,15.82594821
2005:Q4,Bottom50,1586127,0.026454567,2005,Q4,59956.642,5.29E-05,1
2006:Q1,TopPt1,6765415,0.109755629,2006,Q1,61640.711,0.109755629,2195.95871
2006:Q1,RemainingTop1,10355215,0.167993114,2006,Q1,61640.711,0.018665902,373.4619314
2006:Q1,Next9,22716450,0.36852998,2006,Q1,61640.711,0.004094778,81.92711877
2006:Q1,Next40,20263207,0.32873091,2006,Q1,61640.711,0.000821827,16.44288115
2006:Q1,Bottom50,1540424,0.024990367,2006,Q1,61640.711,5.00E-05,1
2006:Q2,TopPt1,6768760,0.109636183,2006,Q2,61738.377,0.109636183,2217.527904
2006:Q2,RemainingTop1,10282781,0.166554119,2006,Q2,61738.377,0.018506013,374.3070912
2006:Q2,Next9,22848824,0.370091102,2006,Q2,61738.377,0.004112123,83.17279975
2006:Q2,Next40,20311817,0.328998234,2006,Q2,61738.377,0.000822496,16.63599425
2006:Q2,Bottom50,1526195,0.024720362,2006,Q2,61738.377,4.94E-05,1
2006:Q3,TopPt1,6956408,0.110857253,2006,Q3,62751.041,0.110857253,2293.96968
2006:Q3,RemainingTop1,10470096,0.166851352,2006,Q3,62751.041,0.018539039,383.6284277
2006:Q3,Next9,23318472,0.371602951,2006,Q3,62751.041,0.004128922,85.43979683
2006:Q3,Next40,20489827,0.326525691,2006,Q3,62751.041,0.000816314,16.89199436
2006:Q3,Bottom50,1516238,0.024162755,2006,Q3,62751.041,4.83E-05,1
2006:Q4,TopPt1,7219411,0.112587361,2006,Q4,64122.748,0.112587361,2381.409962
2006:Q4,RemainingTop1,10793994,0.168333303,2006,Q4,64122.748,0.0187037,395.6143736
2006:Q4,Next9,23913677,0.372935935,2006,Q4,64122.748,0.004143733,87.64683719
2006:Q4,Next40,20679881,0.322504597,2006,Q4,64122.748,0.000806261,17.05377164
2006:Q4,Bottom50,1515785,0.023638803,2006,Q4,64122.748,4.73E-05,1
2007:Q1,TopPt1,7499773,0.115194333,2007,Q1,65105.399,0.115194333,2537.072144
2007:Q1,RemainingTop1,11038878,0.169553957,2007,Q1,65105.399,0.018839329,414.9226305
2007:Q1,Next9,24365148,0.374241589,2007,Q1,65105.399,0.00415824,91.58223599
2007:Q1,Next40,20723563,0.318307903,2007,Q1,65105.399,0.00079577,17.52625526
2007:Q1,Bottom50,1478037,0.022702219,2007,Q1,65105.399,4.54E-05,1
2007:Q2,TopPt1,7659555,0.116679686,2007,Q2,65646.003,0.116679686,2674.388277
2007:Q2,RemainingTop1,11136263,0.169641143,2007,Q2,65646.003,0.018849016,432.0339645
2007:Q2,Next9,24665149,0.375729639,2007,Q2,65646.003,0.004174774,95.68903057
2007:Q2,Next40,20753016,0.316135257,2007,Q2,65646.003,0.000790338,18.11515901
2007:Q2,Bottom50,1432020,0.021814276,2007,Q2,65646.003,4.36E-05,1
2007:Q3,TopPt1,7891167,0.118764024,2007,Q3,66444.086,0.118764024,2896.910566
2007:Q3,RemainingTop1,11285097,0.169843513,2007,Q3,66444.086,0.018871501,460.3166037
2007:Q3,Next9,25066849,0.377262304,2007,Q3,66444.086,0.004191803,102.2471211
2007:Q3,Next40,20838976,0.313631766,2007,Q3,66444.086,0.000784079,19.12538721
2007:Q3,Bottom50,1361997,0.020498393,2007,Q3,66444.086,4.10E-05,1
2007:Q4,TopPt1,7794380,0.118532462,2007,Q4,65757.345,0.118532462,3229.21949
2007:Q4,RemainingTop1,11135876,0.169348017,2007,Q4,65757.345,0.018816446,512.622739
2007:Q4,Next9,24949263,0.379414087,2007,Q4,65757.345,0.004215712,114.8500534
2007:Q4,Next40,20670974,0.314352321,2007,Q4,65757.345,0.000785881,21.41001341
2007:Q4,Bottom50,1206852,0.018353113,2007,Q4,65757.345,3.67E-05,1
2008:Q1,TopPt1,7479333,0.116993692,2008,Q1,63929.37,0.116993692,3559.40743
2008:Q1,RemainingTop1,10796234,0.168877528,2008,Q1,63929.37,0.01876417,570.8797163
2008:Q1,Next9,24369372,0.381192119,2008,Q1,63929.37,0.004235468,128.859565
2008:Q1,Next40,20233788,0.316502227,2008,Q1,63929.37,0.000791256,24.07310095
2008:Q1,Bottom50,1050643,0.016434434,2008,Q1,63929.37,3.29E-05,1
2008:Q2,TopPt1,7254542,0.115551305,2008,Q2,62782,0.115551305,3632.811037
2008:Q2,RemainingTop1,10568036,0.168329075,2008,Q2,62782,0.018703231,588.0098261
2008:Q2,Next9,23993875,0.382177615,2008,Q2,62782,0.004246418,133.5028975
2008:Q2,Next40,19967072,0.318038164,2008,Q2,62782,0.000795095,24.99696036
2008:Q2,Bottom50,998475,0.015903842,2008,Q2,62782,3.18E-05,1
2008:Q3,TopPt1,6814483,0.112758949,2008,Q3,60434.077,0.112758949,4192.78491
2008:Q3,RemainingTop1,10096962,0.167073984,2008,Q3,60434.077,0.018563776,690.2682273
2008:Q3,Next9,23255666,0.384810477,2008,Q3,60434.077,0.004275672,158.9849238
2008:Q3,Next40,19454322,0.321909806,2008,Q3,60434.077,0.000804775,29.92442263
2008:Q3,Bottom50,812644,0.013446784,2008,Q3,60434.077,2.69E-05,1
2008:Q4,TopPt1,6181762,0.107382928,2008,Q4,57567.456,0.107382928,4558.639995
2008:Q4,RemainingTop1,9478139,0.164644048,2008,Q4,57567.456,0.018293783,776.6110756
2008:Q4,Next9,22318077,0.387685657,2008,Q4,57567.456,0.004307618,182.867816
2008:Q4,Next40,18911451,0.32850941,2008,Q4,57567.456,0.000821274,34.86485605
2008:Q4,Bottom50,678027,0.011777957,2008,Q4,57567.456,2.36E-05,1
2009:Q1,TopPt1,5838017,0.104639043,2009,Q1,55791.957,0.104639043,5335.254616
2009:Q1,RemainingTop1,9125485,0.163562734,2009,Q1,55791.957,0.018173637,926.6233528
2009:Q1,Next9,21749749,0.389836639,2009,Q1,55791.957,0.004331518,220.8521009
2009:Q1,Next40,18531589,0.332155207,2009,Q1,55791.957,0.000830388,42.33918202
2009:Q1,Bottom50,547117,0.009806378,2009,Q1,55791.957,1.96E-05,1
2009:Q2,TopPt1,5807423,0.103061744,2009,Q2,56348.969,0.103061744,5644.807389
2009:Q2,RemainingTop1,9386674,0.166581113,2009,Q2,56348.969,0.018509013,1013.759397
2009:Q2,Next9,22029642,0.390950223,2009,Q2,56348.969,0.004343891,237.9198062
2009:Q2,Next40,18610826,0.330278022,2009,Q2,56348.969,0.000825695,45.22424495
2009:Q2,Bottom50,514404,0.009128898,2009,Q2,56348.969,1.83E-05,1
2009:Q3,TopPt1,6154475,0.105953307,2009,Q3,58086.672,0.105953307,6617.017777
2009:Q3,RemainingTop1,9844042,0.169471613,2009,Q3,58086.672,0.018830179,1175.986234
2009:Q3,Next9,22765986,0.391931319,2009,Q3,58086.672,0.004354792,271.9663949
2009:Q3,Next40,18857120,0.324637638,2009,Q3,58086.672,0.000811594,50.68584171
2009:Q3,Bottom50,465049,0.008006122,2009,Q3,58086.672,1.60E-05,1
2009:Q4,TopPt1,6120487,0.104991088,2009,Q4,58295.3,0.104991088,7209.427815
2009:Q4,RemainingTop1,9924134,0.170239007,2009,Q4,58295.3,0.018915445,1298.867733
2009:Q4,Next9,22926346,0.393279493,2009,Q4,58295.3,0.004369772,300.0593409
2009:Q4,Next40,18899855,0.324208898,2009,Q4,58295.3,0.000810522,55.65616769
2009:Q4,Bottom50,424478,0.007281513,2009,Q4,58295.3,1.46E-05,1
2010:Q1,TopPt1,6339504,0.10655598,2010,Q1,59494.587,0.10655598,7129.574981
2010:Q1,RemainingTop1,10162393,0.170812061,2010,Q1,59494.587,0.018979118,1269.877526
2010:Q1,Next9,23405129,0.393399302,2010,Q1,59494.587,0.004371103,292.4670135
2010:Q1,Next40,19142969,0.321759843,2010,Q1,59494.587,0.0008044,53.8217315
2010:Q1,Bottom50,444592,0.007472814,2010,Q1,59494.587,1.49E-05,1
2010:Q2,TopPt1,6258413,0.10648986,2010,Q2,58770.037,0.10648986,7770.757903
2010:Q2,RemainingTop1,9906724,0.168567598,2010,Q2,58770.037,0.018729733,1366.742545
2010:Q2,Next9,23211870,0.394960956,2010,Q2,58770.037,0.004388455,320.233513
2010:Q2,Next40,18990340,0.323129625,2010,Q2,58770.037,0.000807824,58.94838461
2010:Q2,Bottom50,402690,0.006851961,2010,Q2,58770.037,1.37E-05,1
2010:Q3,TopPt1,6609363,0.108749486,2010,Q3,60776.039,0.108749486,8401.84655
2010:Q3,RemainingTop1,10368167,0.170596294,2010,Q3,60776.039,0.018955144,1464.450224
2010:Q3,Next9,24064596,0.39595532,2010,Q3,60776.039,0.004399504,339.9000325
2010:Q3,Next40,19340585,0.318227139,2010,Q3,60776.039,0.000795568,61.46455693
2010:Q3,Bottom50,393328,0.006471761,2010,Q3,60776.039,1.29E-05,1
2010:Q4,TopPt1,6925347,0.111036497,2010,Q4,62370.006,0.111036497,9289.907039
2010:Q4,RemainingTop1,10773066,0.172728314,2010,Q4,62370.006,0.019192035,1605.708256
2010:Q4,Next9,24667247,0.395498551,2010,Q4,62370.006,0.004394428,367.661371
2010:Q4,Next40,19631611,0.314760448,2010,Q4,62370.006,0.000786901,65.83635492
2010:Q4,Bottom50,372735,0.00597619,2010,Q4,62370.006,1.20E-05,1
2011:Q1,TopPt1,7176896,0.113093785,2011,Q1,63459.685,0.113093785,8819.577608
2011:Q1,RemainingTop1,11054639,0.174199399,2011,Q1,63459.685,0.019355489,1509.430734
2011:Q1,Next9,25017130,0.394220835,2011,Q1,63459.685,0.004380231,341.5907557
2011:Q1,Next40,19804147,0.312074461,2011,Q1,63459.685,0.000780186,60.84253256
2011:Q1,Bottom50,406873,0.006411519,2011,Q1,63459.685,1.28E-05,1
2011:Q2,TopPt1,7269045,0.113885502,2011,Q2,63827.659,0.113885502,8815.772239
2011:Q2,RemainingTop1,11094976,0.173827086,2011,Q2,63827.659,0.019314121,1495.088365
2011:Q2,Next9,25123514,0.393614843,2011,Q2,63827.659,0.004373498,338.5484877
2011:Q2,Next40,19927849,0.312213378,2011,Q2,63827.659,0.000780533,60.42037778
2011:Q2,Bottom50,412275,0.00645919,2011,Q2,63827.659,1.29E-05,1
2011:Q3,TopPt1,6961714,0.112327465,2011,Q3,61976.953,0.112327465,8599.634853
2011:Q3,RemainingTop1,10529460,0.169893154,2011,Q3,61976.953,0.018877017,1445.198237
2011:Q3,Next9,24395065,0.393615107,2011,Q3,61976.953,0.004373501,334.8291834
2011:Q3,Next40,19685946,0.317633331,2011,Q3,61976.953,0.000794083,60.79391775
2011:Q3,Bottom50,404768,0.006530944,2011,Q3,61976.953,1.31E-05,1
2011:Q4,TopPt1,7220285,0.114100266,2011,Q4,63280.177,0.114100266,8972.530477
2011:Q4,RemainingTop1,10811729,0.170854911,2011,Q4,63280.177,0.018983879,1492.839933
2011:Q4,Next9,24883316,0.393224501,2011,Q4,63280.177,0.004369161,343.578791
2011:Q4,Next40,19962492,0.315462013,2011,Q4,63280.177,0.000788655,62.01765854
2011:Q4,Bottom50,402355,0.00635831,2011,Q4,63280.177,1.27E-05,1
2012:Q1,TopPt1,7595062,0.116481022,2012,Q1,65204.287,0.116481022,8514.318961
2012:Q1,RemainingTop1,11287397,0.173108204,2012,Q1,65204.287,0.019234245,1405.950022
2012:Q1,Next9,25533994,0.391599927,2012,Q1,65204.287,0.00435111,318.0495861
2012:Q1,Next40,20341817,0.311970546,2012,Q1,65204.287,0.000779926,57.00964593
2012:Q1,Bottom50,446017,0.006840302,2012,Q1,65204.287,1.37E-05,1
2012:Q2,TopPt1,7632172,0.117029848,2012,Q2,65215.602,0.117029848,8010.13839
2012:Q2,RemainingTop1,11182754,0.171473599,2012,Q2,65215.602,0.019052622,1304.061676
2012:Q2,Next9,25483007,0.390750161,2012,Q2,65215.602,0.004341668,297.1666267
2012:Q2,Next40,20441262,0.313441284,2012,Q2,65215.602,0.000783603,53.6339254
2012:Q2,Bottom50,476407,0.007305108,2012,Q2,65215.602,1.46E-05,1
2012:Q3,TopPt1,7985654,0.119132036,2012,Q3,67031.961,0.119132036,7849.604652
2012:Q3,RemainingTop1,11568253,0.172578168,2012,Q3,67031.961,0.019175352,1263.463102
2012:Q3,Next9,26095832,0.38930432,2012,Q3,67031.961,0.004325604,285.0138292
2012:Q3,Next40,20873556,0.311397066,2012,Q3,67031.961,0.000778493,51.2948477
2012:Q3,Bottom50,508666,0.00758841,2012,Q3,67031.961,1.52E-05,1
2012:Q4,TopPt1,8114339,0.11948876,2012,Q4,67908.806,0.11948876,7050.343466
2012:Q4,RemainingTop1,11689772,0.172139266,2012,Q4,67908.806,0.019126585,1128.549618
2012:Q4,Next9,26366513,0.388263534,2012,Q4,67908.806,0.004314039,254.5466087
2012:Q4,Next40,21162725,0.311634473,2012,Q4,67908.806,0.000779086,45.96938824
2012:Q4,Bottom50,575457,0.008473967,2012,Q4,67908.806,1.69E-05,1
2013:Q1,TopPt1,8549875,0.121059793,2013,Q1,70625.224,0.121059793,7149.358555
2013:Q1,RemainingTop1,12239276,0.173298934,2013,Q1,70625.224,0.019255437,1137.157269
2013:Q1,Next9,27405589,0.388042507,2013,Q1,70625.224,0.004311583,254.6267014
2013:Q1,Next40,21832537,0.309132287,2013,Q1,70625.224,0.000772831,45.64061907
2013:Q1,Bottom50,597947,0.008466479,2013,Q1,70625.224,1.69E-05,1
2013:Q2,TopPt1,8628574,0.120565123,2013,Q2,71567.745,0.120565123,6597.636692
2013:Q2,RemainingTop1,12311250,0.172022327,2013,Q2,71567.745,0.019113592,1045.945389
2013:Q2,Next9,27750025,0.387744856,2013,Q2,71567.745,0.004308276,235.7600626
2013:Q2,Next40,22223982,0.310530701,2013,Q2,71567.745,0.000776327,42.48261622
2013:Q2,Bottom50,653914,0.009136993,2013,Q2,71567.745,1.83E-05,1
2013:Q3,TopPt1,8983024,0.121563731,2013,Q3,73895.593,0.121563731,6143.809767
2013:Q3,RemainingTop1,12705239,0.171935003,2013,Q3,73895.593,0.019103889,965.5072287
2013:Q3,Next9,28570762,0.386636886,2013,Q3,73895.593,0.004295965,217.1173422
2013:Q3,Next40,22905505,0.309971191,2013,Q3,73895.593,0.000774928,39.16472486
2013:Q3,Bottom50,731063,0.009893188,2013,Q3,73895.593,1.98E-05,1
2013:Q4,TopPt1,9267913,0.122002046,2013,Q4,75965.226,0.122002046,6016.367295
2013:Q4,RemainingTop1,13197901,0.173736086,2013,Q4,75965.226,0.01930401,951.9513418
2013:Q4,Next9,29353433,0.386406183,2013,Q4,75965.226,0.004293402,211.7233637
2013:Q4,Next40,23375754,0.307716507,2013,Q4,75965.226,0.000769291,37.93656724
2013:Q4,Bottom50,770225,0.010139179,2013,Q4,75965.226,2.03E-05,1
2014:Q1,TopPt1,9561202,0.123057696,2014,Q1,77696.904,0.123057696,5795.138514
2014:Q1,RemainingTop1,13646924,0.175643086,2014,Q1,77696.904,0.019515898,919.0594199
2014:Q1,Next9,29979042,0.385846031,2014,Q1,77696.904,0.004287178,201.8954671
2014:Q1,Next40,23684803,0.304835866,2014,Q1,77696.904,0.00076209,35.88897977
2014:Q1,Bottom50,824933,0.010617321,2014,Q1,77696.904,2.12E-05,1
2014:Q2,TopPt1,9909956,0.124362456,2014,Q2,79686.075,0.124362456,5581.382094
2014:Q2,RemainingTop1,14139614,0.177441466,2014,Q2,79686.075,0.019715718,884.8406636
2014:Q2,Next9,30687329,0.38510278,2014,Q2,79686.075,0.00427892,192.0377498
2014:Q2,Next40,24061407,0.301952468,2014,Q2,79686.075,0.000754881,33.87903695
2014:Q2,Bottom50,887769,0.01114083,2014,Q2,79686.075,2.23E-05,1
2014:Q3,TopPt1,9972991,0.124276927,2014,Q3,80248.13,0.124276927,5491.674651
2014:Q3,RemainingTop1,14190896,0.176837716,2014,Q3,80248.13,0.019648635,868.253776
2014:Q3,Next9,30951626,0.385699031,2014,Q3,80248.13,0.004285545,189.3739912
2014:Q3,Next40,24224607,0.301871296,2014,Q3,80248.13,0.000754678,33.34848597
2014:Q3,Bottom50,908010,0.01131503,2014,Q3,80248.13,2.26E-05,1
2014:Q4,TopPt1,10257470,0.125499017,2014,Q4,81733.469,0.125499017,5598.407826
2014:Q4,RemainingTop1,14564520,0.1781953,2014,Q4,81733.469,0.019799478,883.2384025
2014:Q4,Next9,31533986,0.385814849,2014,Q4,81733.469,0.004286832,191.2320311
2014:Q4,Next40,24461387,0.299282378,2014,Q4,81733.469,0.000748206,33.37685131
2014:Q4,Bottom50,916106,0.011208456,2014,Q4,81733.469,2.24E-05,1
2015:Q1,TopPt1,10549082,0.126368715,2015,Q1,83478.589,0.126368715,5377.602757
2015:Q1,RemainingTop1,14952203,0.179114228,2015,Q1,83478.589,0.019901581,846.9089546
2015:Q1,Next9,32188094,0.385585027,2015,Q1,83478.589,0.004284278,182.3168468
2015:Q1,Next40,24808375,0.297182491,2015,Q1,83478.589,0.000742956,31.616397
2015:Q1,Bottom50,980835,0.01174954,2015,Q1,83478.589,2.35E-05,1
2015:Q2,TopPt1,10630153,0.126424745,2015,Q2,84082.851,0.126424745,5383.62076
2015:Q2,RemainingTop1,15082729,0.179379372,2015,Q2,84082.851,0.019931041,848.7354891
2015:Q2,Next9,32446595,0.385888378,2015,Q2,84082.851,0.004287649,182.5835144
2015:Q2,Next40,24936106,0.296565895,2015,Q2,84082.851,0.000741415,31.57210859
2015:Q2,Bottom50,987268,0.011741609,2015,Q2,84082.851,2.35E-05,1
2015:Q3,TopPt1,10382305,0.124961512,2015,Q3,83084.022,0.124961512,5247.977601
2015:Q3,RemainingTop1,14745035,0.177471367,2015,Q3,83084.022,0.019719041,828.1356641
2015:Q3,Next9,32123500,0.386638721,2015,Q3,83084.022,0.004295986,180.417449
2015:Q3,Next40,24844010,0.299022717,2015,Q3,83084.022,0.000747557,31.3949571
2015:Q3,Bottom50,989172,0.011905683,2015,Q3,83084.022,2.38E-05,1
2015:Q4,TopPt1,10582441,0.125049088,2015,Q4,84626.295,0.125049088,4849.067938
2015:Q4,RemainingTop1,15082580,0.178225692,2015,Q4,84626.295,0.019802855,767.9015446
2015:Q4,Next9,32669221,0.386041017,2015,Q4,84626.295,0.004289345,166.3292704
2015:Q4,Next40,25200870,0.297790066,2015,Q4,84626.295,0.000744475,28.86874841
2015:Q4,Bottom50,1091183,0.012894137,2015,Q4,84626.295,2.58E-05,1
2016:Q1,TopPt1,10752165,0.125223173,2016,Q1,85864.02,0.125223173,4727.406667
2016:Q1,RemainingTop1,15331843,0.178559576,2016,Q1,85864.02,0.019839953,748.9949627
2016:Q1,Next9,33155450,0.386139037,2016,Q1,85864.02,0.004290434,161.9718193
2016:Q1,Next40,25487346,0.296833831,2016,Q1,85864.02,0.000742085,28.01506706
2016:Q1,Bottom50,1137216,0.013244383,2016,Q1,85864.02,2.65E-05,1
2016:Q2,TopPt1,11007797,0.1260815,2016,Q2,87306.996,0.1260815,4816.029782
2016:Q2,RemainingTop1,15646345,0.179210667,2016,Q2,87306.996,0.019912296,760.6049452
2016:Q2,Next9,33714508,0.38616044,2016,Q2,87306.996,0.004290672,163.8940053
2016:Q2,Next40,25795517,0.295457617,2016,Q2,87306.996,0.000738644,28.2145415
2016:Q2,Bottom50,1142829,0.013089776,2016,Q2,87306.996,2.62E-05,1
2016:Q3,TopPt1,11191813,0.126036989,2016,Q3,88797.845,0.126036989,4630.19965
2016:Q3,RemainingTop1,15980413,0.179963973,2016,Q3,88797.845,0.019995997,734.5895778
2016:Q3,Next9,34242818,0.385626678,2016,Q3,88797.845,0.004284741,157.4078043
2016:Q3,Next40,26174234,0.294762041,2016,Q3,88797.845,0.000736905,27.07155871
2016:Q3,Bottom50,1208567,0.013610319,2016,Q3,88797.845,2.72E-05,1
2016:Q4,TopPt1,11120217,0.124551705,2016,Q4,89281.933,0.124551705,4397.852767
2016:Q4,RemainingTop1,16026427,0.179503584,2016,Q4,89281.933,0.019944843,704.2415162
2016:Q4,Next9,34445030,0.385800675,2016,Q4,89281.933,0.004286674,151.3601263
2016:Q4,Next40,26425981,0.295983522,2016,Q4,89281.933,0.000739959,26.12754177
2016:Q4,Bottom50,1264278,0.014160513,2016,Q4,89281.933,2.83E-05,1
2017:Q1,TopPt1,11408468,0.124462457,2017,Q1,91661.922,0.124462457,4170.920285
2017:Q1,RemainingTop1,16513375,0.180155234,2017,Q1,91661.922,0.020017248,670.8074774
2017:Q1,Next9,35344871,0.38560037,2017,Q1,91661.922,0.004284449,143.5781829
2017:Q1,Next40,27027588,0.294861677,2017,Q1,91661.922,0.000737154,24.70312294
2017:Q1,Bottom50,1367620,0.014920263,2017,Q1,91661.922,2.98E-05,1
2017:Q2,TopPt1,11663238,0.124824222,2017,Q2,93437.298,0.124824222,4073.025201
2017:Q2,RemainingTop1,16844607,0.18027712,2017,Q2,93437.298,0.020030791,653.6064552
2017:Q2,Next9,36036750,0.385678426,2017,Q2,93437.298,0.004285316,139.8302283
2017:Q2,Next40,27460937,0.293896951,2017,Q2,93437.298,0.000734742,23.97470763
2017:Q2,Bottom50,1431766,0.015323281,2017,Q2,93437.298,3.06E-05,1
2017:Q3,TopPt1,11793133,0.124063792,2017,Q3,95057.009,0.124063792,3945.857081
2017:Q3,RemainingTop1,17155725,0.180478275,2017,Q3,95057.009,0.020053142,637.7914915
2017:Q3,Next9,36678286,0.385855671,2017,Q3,95057.009,0.004287285,136.3573893
2017:Q3,Next40,27935496,0.293881496,2017,Q3,95057.009,0.000734704,23.36730085
2017:Q3,Bottom50,1494369,0.015720766,2017,Q3,95057.009,3.14E-05,1
2017:Q4,TopPt1,12121846,0.124362612,2017,Q4,97471.787,0.124362612,3865.566997
2017:Q4,RemainingTop1,17708576,0.181678992,2017,Q4,97471.787,0.020186555,627.4593175
2017:Q4,Next9,37598777,0.385740101,2017,Q4,97471.787,0.004286001,133.2219087
2017:Q4,Next40,28474662,0.292132348,2017,Q4,97471.787,0.000730331,22.70089756
2017:Q4,Bottom50,1567926,0.016085947,2017,Q4,97471.787,3.22E-05,1
2018:Q1,TopPt1,12136010,0.123095594,2018,Q1,98590.125,0.123095594,3602.104867
2018:Q1,RemainingTop1,17833824,0.180888542,2018,Q1,98590.125,0.020098727,588.14227
2018:Q1,Next9,38029095,0.38572925,2018,Q1,98590.125,0.004285881,125.4162778
2018:Q1,Next40,28906624,0.293199993,2018,Q1,98590.125,0.000733,21.44953139
2018:Q1,Bottom50,1684572,0.01708662,2018,Q1,98590.125,3.42E-05,1
2018:Q2,TopPt1,12240977,0.122659758,2018,Q2,99796.194,0.122659758,3513.749894
2018:Q2,RemainingTop1,18035730,0.18072563,2018,Q2,99796.194,0.020080626,575.2358962
2018:Q2,Next9,38527202,0.386058831,2018,Q2,99796.194,0.004289543,122.8795816
2018:Q2,Next40,29250417,0.293101529,2018,Q2,99796.194,0.000732754,20.99069576
2018:Q2,Bottom50,1741868,0.017454253,2018,Q2,99796.194,3.49E-05,1
2018:Q3,TopPt1,12517060,0.122996434,2018,Q3,101767.666,0.122996434,3518.649286
2018:Q3,RemainingTop1,18468033,0.181472502,2018,Q3,101767.666,0.020163611,576.8352342
2018:Q3,Next9,39302415,0.386197469,2018,Q3,101767.666,0.004291083,122.7581614
2018:Q3,Next40,29701484,0.291855804,2018,Q3,101767.666,0.00072964,20.87333317
2018:Q3,Bottom50,1778674,0.017477791,2018,Q3,101767.666,3.50E-05,1
2018:Q4,TopPt1,11626093,0.118515176,2018,Q4,98097.926,0.118515176,3282.082053
2018:Q4,RemainingTop1,17333141,0.176692227,2018,Q4,98097.926,0.01963247,543.6888194
2018:Q4,Next9,38078991,0.388173253,2018,Q4,98097.926,0.004313036,119.4424119
2018:Q4,Next40,29288555,0.298564467,2018,Q4,98097.926,0.000746411,20.67062441
2018:Q4,Bottom50,1771146,0.018054877,2018,Q4,98097.926,3.61E-05,1
2019:Q1,TopPt1,12649988,0.121510811,2019,Q1,104105.864,0.121510811,3305.131607
2019:Q1,RemainingTop1,18792253,0.180510994,2019,Q1,104105.864,0.020056777,545.5505338
2019:Q1,Next9,40307338,0.387176442,2019,Q1,104105.864,0.00430196,117.0146537
2019:Q1,Next40,30442596,0.292419609,2019,Q1,104105.864,0.000731049,19.88475923
2019:Q1,Bottom50,1913689,0.018382144,2019,Q1,104105.864,3.68E-05,1
2019:Q2,TopPt1,12944382,0.122040818,2019,Q2,106066.005,0.122040818,3325.67078
2019:Q2,RemainingTop1,19162932,0.180669876,2019,Q2,106066.005,0.020074431,547.0378578
2019:Q2,Next9,41125033,0.387730574,2019,Q2,106066.005,0.004308117,117.3982664
2019:Q2,Next40,30887527,0.291210431,2019,Q2,106066.005,0.000728026,19.83905952
2019:Q2,Bottom50,1946131,0.018348301,2019,Q2,106066.005,3.67E-05,1
2019:Q3,TopPt1,12873736,0.120681034,2019,Q3,106675.718,0.120681034,3206.587263
2019:Q3,RemainingTop1,19202587,0.180008978,2019,Q3,106675.718,0.020000998,531.4417828
2019:Q3,Next9,41418877,0.388269025,2019,Q3,106675.718,0.0043141,114.6289395
2019:Q3,Next40,31173129,0.292223287,2019,Q3,106675.718,0.000730558,19.41148988
2019:Q3,Bottom50,2007389,0.018817675,2019,Q3,106675.718,3.76E-05,1
2019:Q4,TopPt1,13416177,0.121914052,2019,Q4,110046.191,0.121914052,3215.1806
2019:Q4,RemainingTop1,20055053,0.182242137,2019,Q4,110046.191,0.020249126,534.0204618
2019:Q4,Next9,42617699,0.387271005,2019,Q4,110046.191,0.004303011,113.4812424
2019:Q4,Next40,31870882,0.289613677,2019,Q4,110046.191,0.000724034,19.09460525
2019:Q4,Bottom50,2086380,0.01895913,2019,Q4,110046.191,3.79E-05,1
2020:Q1,TopPt1,12115608,0.116324327,2020,Q1,104153.691,0.116324327,2893.634705
2020:Q1,RemainingTop1,18248282,0.175205332,2020,Q1,104153.691,0.019467259,484.2592951
2020:Q1,Next9,40464510,0.388507691,2020,Q1,104153.691,0.004316752,107.3816981
2020:Q1,Next40,31231798,0.299862614,2020,Q1,104153.691,0.000749657,18.64813854
2020:Q1,Bottom50,2093493,0.020100037,2020,Q1,104153.691,4.02E-05,1
2020:Q2,TopPt1,13400881,0.119773337,2020,Q2,111885.344,0.119773337,2885.034416
2020:Q2,RemainingTop1,20238115,0.180882627,2020,Q2,111885.344,0.02009807,484.111275
2020:Q2,Next9,43168395,0.385827075,2020,Q2,111885.344,0.004286967,103.2621207
2020:Q2,Next40,32755471,0.292759264,2020,Q2,111885.344,0.000731898,17.62956128
2020:Q2,Bottom50,2322482,0.020757696,2020,Q2,111885.344,4.15E-05,1
2020:Q3,TopPt1,14104469,0.121552903,2020,Q3,116035.641,0.121552903,2864.169104
2020:Q3,RemainingTop1,21221231,0.182885455,2020,Q3,116035.641,0.020320606,478.8174599
2020:Q3,Next9,44606891,0.38442405,2020,Q3,116035.641,0.004271378,100.6471219
2020:Q3,Next40,33640823,0.289918018,2020,Q3,116035.641,0.000724795,17.07845327
2020:Q3,Bottom50,2462227,0.021219575,2020,Q3,116035.641,4.24E-05,1
2020:Q4,TopPt1,15602044,0.125641529,2020,Q4,124179.036,0.125641529,2903.766883
2020:Q4,RemainingTop1,23286411,0.187522884,2020,Q4,124179.036,0.020835876,481.5487929
2020:Q4,Next9,47412676,0.38180902,2020,Q4,124179.036,0.004242322,98.04652549
2020:Q4,Next40,35191387,0.283392335,2020,Q4,124179.036,0.000708481,16.37406999
2020:Q4,Bottom50,2686518,0.021634231,2020,Q4,124179.036,4.33E-05,1
2021:Q1,TopPt1,16386390,0.126917815,2021,Q1,129110.243,0.126917815,2819.419983
2021:Q1,RemainingTop1,24473084,0.189551839,2021,Q1,129110.243,0.021061315,467.8672842
2021:Q1,Next9,49051013,0.379915736,2021,Q1,129110.243,0.004221286,93.7738956
2021:Q1,Next40,36293770,0.281106821,2021,Q1,129110.243,0.000702767,15.6116418
2021:Q1,Bottom50,2905986,0.022507788,2021,Q1,129110.243,4.50E-05,1
2021:Q2,TopPt1,17503306,0.129121163,2021,Q2,135557.221,0.129121163,2885.046513
2021:Q2,RemainingTop1,25971593,0.191591365,2021,Q2,135557.221,0.021287929,475.6514368
2021:Q2,Next9,51279738,0.378288502,2021,Q2,135557.221,0.004203206,93.91522906
2021:Q2,Next40,37769131,0.278621314,2021,Q2,135557.221,0.000696553,15.56358834
2021:Q2,Bottom50,3033453,0.022377657,2021,Q2,135557.221,4.48E-05,1
2021:Q3,TopPt1,18006254,0.129852274,2021,Q3,138667.221,0.129852274,2821.336373
2021:Q3,RemainingTop1,26478035,0.190946604,2021,Q3,138667.221,0.021216289,460.9722033
2021:Q3,Next9,52337633,0.377433345,2021,Q3,138667.221,0.004193704,91.11776611
2021:Q3,Next40,38654213,0.278755229,2021,Q3,138667.221,0.000696888,15.14148044
2021:Q3,Bottom50,3191086,0.023012547,2021,Q3,138667.221,4.60E-05,1
2021:Q4,TopPt1,18636071,0.130972047,2021,Q4,142290.446,0.130972047,2847.015946
2021:Q4,RemainingTop1,27279970,0.191720321,2021,Q4,142290.446,0.021302258,463.0596319
2021:Q4,Next9,53650545,0.377049524,2021,Q4,142290.446,0.004189439,91.06828789
2021:Q4,Next40,39450947,0.277256472,2021,Q4,142290.446,0.000693141,15.06721497
2021:Q4,Bottom50,3272913,0.023001636,2021,Q4,142290.446,4.60E-05,1
2022:Q1,TopPt1,18536598,0.128323709,2022,Q1,144451.856,0.128323709,2553.911053
2022:Q1,RemainingTop1,27200363,0.188300544,2022,Q1,144451.856,0.020922283,416.3973209
2022:Q1,Next9,54297626,0.375887354,2022,Q1,144451.856,0.004176526,83.12163333
2022:Q1,Next40,40788208,0.282365413,2022,Q1,144451.856,0.000705914,14.04916038
2022:Q1,Bottom50,3629061,0.025122979,2022,Q1,144451.856,5.02E-05,1
2022:Q2,TopPt1,17152653,0.123356286,2022,Q2,139049.687,0.123356286,2322.137308
2022:Q2,RemainingTop1,25245660,0.181558553,2022,Q2,139049.687,0.020173173,379.7526505
2022:Q2,Next9,52360285,0.376558093,2022,Q2,139049.687,0.004183979,78.76188228
2022:Q2,Next40,40597799,0.29196613,2022,Q2,139049.687,0.000729915,13.74039102
2022:Q2,Bottom50,3693290,0.026560937,2022,Q2,139049.687,5.31E-05,1
2022:Q3,TopPt1,16895448,0.124005739,2022,Q3,136247.307,0.124005739,2437.693373
2022:Q3,RemainingTop1,24701285,0.181297418,2022,Q3,136247.307,0.020144158,395.9919904
2022:Q3,Next9,51432675,0.377494984,2022,Q3,136247.307,0.004194389,82.45290618
2022:Q3,Next40,39752441,0.291766802,2022,Q3,136247.307,0.000729417,14.33881214
2022:Q3,Bottom50,3465458,0.025435057,2022,Q3,136247.307,5.09E-05,1
2022:Q4,TopPt1,17304315,0.125719175,2022,Q4,137642.607,0.125719175,2612.334056
2022:Q4,RemainingTop1,25240065,0.183373924,2022,Q4,137642.607,0.02037488,423.3721241
2022:Q4,Next9,52023687,0.377962087,2022,Q4,137642.607,0.004199579,87.26355843
2022:Q4,Next40,39762499,0.288882199,2022,Q4,137642.607,0.000722205,15.00679604
2022:Q4,Bottom50,3312041,0.024062615,2022,Q4,137642.607,4.81E-05,1
2023:Q1,TopPt1,17918414,0.12745515,2023,Q1,140586.034,0.12745515,2668.473308
2023:Q1,RemainingTop1,26054016,0.185324354,2023,Q1,140586.034,0.020591595,431.1173116
2023:Q1,Next9,53029835,0.377205569,2023,Q1,140586.034,0.004191173,87.74877509
2023:Q1,Next40,40226341,0.286133266,2023,Q1,140586.034,0.000715333,14.97662087
2023:Q1,Bottom50,3357428,0.023881661,2023,Q1,140586.034,4.78E-05,1
2023:Q2,TopPt1,18625162,0.127606026,2023,Q2,145958.326,0.127606026,2559.574277
2023:Q2,RemainingTop1,27145640,0.185982128,2023,Q2,145958.326,0.020664681,414.5006863
2023:Q2,Next9,54808044,0.375504745,2023,Q2,145958.326,0.004172275,83.6892107
2023:Q2,Next40,41741148,0.285979904,2023,Q2,145958.326,0.00071495,14.34075697
2023:Q2,Bottom50,3638332,0.024927197,2023,Q2,145958.326,4.99E-05,1
